prov_kode_bps,prov_nama_bps,prov_kode_dagri,prov_nama_dagri,city_kode_bps,city_nama_bps,city_kode_dagri,city_nama_dagri
11,ACEH,11,ACEH,1101,SIMEULUE,11.09,KABUPATEN SIMEULUE
11,ACEH,11,ACEH,1102,ACEH SINGKIL,11.1,KABUPATEN ACEH SINGKIL
11,ACEH,11,ACEH,1103,ACEH SELATAN,11.01,KABUPATEN ACEH SELATAN
11,ACEH,11,ACEH,1104,ACEH TENGGARA,11.02,KABUPATEN ACEH TENGGARA
11,ACEH,11,ACEH,1105,ACEH TIMUR,11.03,KABUPATEN ACEH TIMUR
11,ACEH,11,ACEH,1106,ACEH TENGAH,11.04,KABUPATEN ACEH TENGAH
11,ACEH,11,ACEH,1107,ACEH BARAT,11.05,KABUPATEN ACEH BARAT
11,ACEH,11,ACEH,1108,ACEH BESAR,11.06,KABUPATEN ACEH BESAR
11,ACEH,11,ACEH,1109,PIDIE,11.07,KABUPATEN PIDIE
11,ACEH,11,ACEH,1110,BIREUEN,11.11,KABUPATEN BIREUEN
11,ACEH,11,ACEH,1111,ACEH UTARA,11.08,KABUPATEN ACEH UTARA
11,ACEH,11,ACEH,1112,ACEH BARAT DAYA,11.12,KABUPATEN ACEH BARAT DAYA
11,ACEH,11,ACEH,1113,GAYO LUES,11.13,KABUPATEN GAYO LUES
11,ACEH,11,ACEH,1114,ACEH TAMIANG,11.16,KABUPATEN ACEH TAMIANG
11,ACEH,11,ACEH,1115,NAGAN RAYA,11.15,KABUPATEN NAGAN RAYA
11,ACEH,11,ACEH,1116,ACEH JAYA,11.14,KABUPATEN ACEH JAYA
11,ACEH,11,ACEH,1117,BENER MERIAH,11.17,KABUPATEN BENER MERIAH
11,ACEH,11,ACEH,1118,PIDIE JAYA,11.18,KABUPATEN PIDIE JAYA
11,ACEH,11,ACEH,1171,BANDA ACEH,11.71,KOTA BANDA ACEH
11,ACEH,11,ACEH,1172,SABANG,11.72,KOTA SABANG
11,ACEH,11,ACEH,1173,LANGSA,11.74,KOTA LANGSA
11,ACEH,11,ACEH,1174,LHOKSEUMAWE,11.73,KOTA LHOKSEUMAWE
11,ACEH,11,ACEH,1175,SUBULUSSALAM,11.75,KOTA SUBULUSSALAM
62,KALIMANTAN TENGAH,62,KALIMANTAN TENGAH,6201,KOTAWARINGIN BARAT,62.01,KABUPATEN KOTAWARINGIN BARAT
62,KALIMANTAN TENGAH,62,KALIMANTAN TENGAH,6202,KOTAWARINGIN TIMUR,62.02,KABUPATEN KOTAWARINGIN TIMUR
62,KALIMANTAN TENGAH,62,KALIMANTAN TENGAH,6203,KAPUAS,62.03,KABUPATEN KAPUAS
62,KALIMANTAN TENGAH,62,KALIMANTAN TENGAH,6204,BARITO SELATAN,62.04,KABUPATEN BARITO SELATAN
62,KALIMANTAN TENGAH,62,KALIMANTAN TENGAH,6205,BARITO UTARA,62.05,KABUPATEN BARITO UTARA
62,KALIMANTAN TENGAH,62,KALIMANTAN TENGAH,6206,SUKAMARA,62.08,KABUPATEN SUKAMARA
62,KALIMANTAN TENGAH,62,KALIMANTAN TENGAH,6207,LAMANDAU,62.09,KABUPATEN LAMANDAU
62,KALIMANTAN TENGAH,62,KALIMANTAN TENGAH,6208,SERUYAN,62.07,KABUPATEN SERUYAN
62,KALIMANTAN TENGAH,62,KALIMANTAN TENGAH,6209,KATINGAN,62.06,KABUPATEN KATINGAN
62,KALIMANTAN TENGAH,62,KALIMANTAN TENGAH,6210,PULANG PISAU,62.11,KABUPATEN PULANG PISAU
62,KALIMANTAN TENGAH,62,KALIMANTAN TENGAH,6211,GUNUNG MAS,62.1,KABUPATEN GUNUNG MAS
62,KALIMANTAN TENGAH,62,KALIMANTAN TENGAH,6212,BARITO TIMUR,62.13,KABUPATEN BARITO TIMUR
62,KALIMANTAN TENGAH,62,KALIMANTAN TENGAH,6213,MURUNG RAYA,62.12,KABUPATEN MURUNG RAYA
62,KALIMANTAN TENGAH,62,KALIMANTAN TENGAH,6271,PALANGKA RAYA,62.71,KOTA PALANGKARAYA
13,SUMATERA BARAT,13,SUMATERA BARAT,1301,KEPULAUAN MENTAWAI,13.09,KABUPATEN KEPULAUAN MENTAWAI
13,SUMATERA BARAT,13,SUMATERA BARAT,1302,PESISIR SELATAN,13.01,KABUPATEN PESISIR SELATAN
13,SUMATERA BARAT,13,SUMATERA BARAT,1303,SOLOK,13.02,KABUPATEN SOLOK
13,SUMATERA BARAT,13,SUMATERA BARAT,1304,SIJUNJUNG,13.03,KABUPATEN SIJUNJUNG
13,SUMATERA BARAT,13,SUMATERA BARAT,1305,TANAH DATAR,13.04,KABUPATEN TANAH DATAR
13,SUMATERA BARAT,13,SUMATERA BARAT,1306,PADANG PARIAMAN,13.05,KABUPATEN PADANG PARIAMAN
13,SUMATERA BARAT,13,SUMATERA BARAT,1307,AGAM,13.06,KABUPATEN AGAM
13,SUMATERA BARAT,13,SUMATERA BARAT,1308,LIMA PULUH KOTA,13.07,KABUPATEN LIMA PULUH KOTA
13,SUMATERA BARAT,13,SUMATERA BARAT,1309,PASAMAN,13.08,KABUPATEN PASAMAN
13,SUMATERA BARAT,13,SUMATERA BARAT,1310,SOLOK SELATAN,13.11,KABUPATEN SOLOK SELATAN
13,SUMATERA BARAT,13,SUMATERA BARAT,1311,DHARMASRAYA,13.1,KABUPATEN DHARMASRAYA
13,SUMATERA BARAT,13,SUMATERA BARAT,1312,PASAMAN BARAT,13.12,KABUPATEN PASAMAN BARAT
13,SUMATERA BARAT,13,SUMATERA BARAT,1371,PADANG,13.71,KOTA PADANG
13,SUMATERA BARAT,13,SUMATERA BARAT,1372,SOLOK,13.72,KOTA SOLOK
13,SUMATERA BARAT,13,SUMATERA BARAT,1373,SAWAHLUNTO,13.73,KOTA SAWAHLUNTO
13,SUMATERA BARAT,13,SUMATERA BARAT,1374,PADANG PANJANG,13.74,KOTA PADANG PANJANG
13,SUMATERA BARAT,13,SUMATERA BARAT,1375,BUKITTINGGI,13.75,KOTA BUKITTINGGI
13,SUMATERA BARAT,13,SUMATERA BARAT,1376,PAYAKUMBUH,13.76,KOTA PAYAKUMBUH
13,SUMATERA BARAT,13,SUMATERA BARAT,1377,PARIAMAN,13.77,KOTA PARIAMAN
31,DKI JAKARTA,31,DKI JAKARTA,3101,KEPULAUAN SERIBU,31.01,KABUPATEN ADMINISTRASI KEPULAUAN SERIBU
31,DKI JAKARTA,31,DKI JAKARTA,3171,JAKARTA SELATAN,31.74,KOTA ADMINISTRASI JAKARTA SELATAN
31,DKI JAKARTA,31,DKI JAKARTA,3172,JAKARTA TIMUR,31.75,KOTA ADMINISTRASI JAKARTA TIMUR
31,DKI JAKARTA,31,DKI JAKARTA,3173,JAKARTA PUSAT,31.71,KOTA ADMINISTRASI JAKARTA PUSAT
31,DKI JAKARTA,31,DKI JAKARTA,3174,JAKARTA BARAT,31.73,KOTA ADMINISTRASI JAKARTA BARAT
31,DKI JAKARTA,31,DKI JAKARTA,3175,JAKARTA UTARA,31.72,KOTA ADMINISTRASI JAKARTA UTARA
53,NUSA TENGGARA TIMUR,53,NUSA TENGGARA TIMUR,5301,SUMBA BARAT,53.12,KABUPATEN SUMBA BARAT
53,NUSA TENGGARA TIMUR,53,NUSA TENGGARA TIMUR,5302,SUMBA TIMUR,53.11,KABUPATEN SUMBA TIMUR
53,NUSA TENGGARA TIMUR,53,NUSA TENGGARA TIMUR,5303,KUPANG,53.01,KABUPATEN KUPANG
53,NUSA TENGGARA TIMUR,53,NUSA TENGGARA TIMUR,5304,TIMOR TENGAH SELATAN,53.02,KAB TIMOR TENGAH SELATAN
53,NUSA TENGGARA TIMUR,53,NUSA TENGGARA TIMUR,5305,TIMOR TENGAH UTARA,53.03,KABUPATEN TIMOR TENGAH UTARA
53,NUSA TENGGARA TIMUR,53,NUSA TENGGARA TIMUR,5306,BELU,53.04,KABUPATEN BELU
53,NUSA TENGGARA TIMUR,53,NUSA TENGGARA TIMUR,5307,ALOR,53.05,KABUPATEN ALOR
53,NUSA TENGGARA TIMUR,53,NUSA TENGGARA TIMUR,5308,LEMBATA,53.13,KABUPATEN LEMBATA
53,NUSA TENGGARA TIMUR,53,NUSA TENGGARA TIMUR,5309,FLORES TIMUR,53.06,KABUPATEN FLORES TIMUR
53,NUSA TENGGARA TIMUR,53,NUSA TENGGARA TIMUR,5310,SIKKA,53.07,KABUPATEN SIKKA
53,NUSA TENGGARA TIMUR,53,NUSA TENGGARA TIMUR,5311,ENDE,53.08,KABUPATEN ENDE
53,NUSA TENGGARA TIMUR,53,NUSA TENGGARA TIMUR,5312,NGADA,53.09,KABUPATEN NGADA
53,NUSA TENGGARA TIMUR,53,NUSA TENGGARA TIMUR,5313,MANGGARAI,53.1,KABUPATEN MANGGARAI
53,NUSA TENGGARA TIMUR,53,NUSA TENGGARA TIMUR,5314,ROTE NDAO,53.14,KABUPATEN ROTE NDAO
53,NUSA TENGGARA TIMUR,53,NUSA TENGGARA TIMUR,5315,MANGGARAI BARAT,53.15,KABUPATEN MANGGARAI BARAT
53,NUSA TENGGARA TIMUR,53,NUSA TENGGARA TIMUR,5316,SUMBA TENGAH,53.17,KABUPATEN SUMBA TENGAH
53,NUSA TENGGARA TIMUR,53,NUSA TENGGARA TIMUR,5317,SUMBA BARAT DAYA,53.18,KABUPATEN SUMBA BARAT DAYA
53,NUSA TENGGARA TIMUR,53,NUSA TENGGARA TIMUR,5318,NAGEKEO,53.16,KABUPATEN NAGEKEO
53,NUSA TENGGARA TIMUR,53,NUSA TENGGARA TIMUR,5319,MANGGARAI TIMUR,53.19,KABUPATEN MANGGARAI TIMUR
53,NUSA TENGGARA TIMUR,53,NUSA TENGGARA TIMUR,5320,SABU RAIJUA,53.2,KABUPATEN SABU RAIJUA
53,NUSA TENGGARA TIMUR,53,NUSA TENGGARA TIMUR,5321,MALAKA,53.21,KABUPATEN MALAKA
53,NUSA TENGGARA TIMUR,53,NUSA TENGGARA TIMUR,5371,KUPANG,53.71,KOTA KUPANG
15,JAMBI,15,JAMBI,1501,KERINCI,15.01,KABUPATEN  KERINCI
15,JAMBI,15,JAMBI,1502,MERANGIN,15.02,KABUPATEN  MERANGIN
15,JAMBI,15,JAMBI,1503,SAROLANGUN,15.03,KABUPATEN SAROLANGUN
15,JAMBI,15,JAMBI,1504,BATANG HARI,15.04,KABUPATEN BATANGHARI
15,JAMBI,15,JAMBI,1505,MUARO JAMBI,15.05,KABUPATEN  MUARO JAMBI
15,JAMBI,15,JAMBI,1506,TANJUNG JABUNG TIMUR,15.07,KABUPATEN TANJUNG JABUNG TIMUR
15,JAMBI,15,JAMBI,1507,TANJUNG JABUNG BARAT,15.06,KABUPATEN TANJUNG JABUNG BARAT
15,JAMBI,15,JAMBI,1508,TEBO,15.09,KABUPATEN TEBO
15,JAMBI,15,JAMBI,1509,BUNGO,15.08,KABUPATEN BUNGO
15,JAMBI,15,JAMBI,1571,JAMBI,15.71,KOTA JAMBI
15,JAMBI,15,JAMBI,1572,SUNGAI PENUH,15.72,KOTA SUNGAI PENUH
33,JAWA TENGAH,33,JAWA TENGAH,3301,CILACAP,33.01,KABUPATEN CILACAP
33,JAWA TENGAH,33,JAWA TENGAH,3302,BANYUMAS,33.02,KABUPATEN BANYUMAS
33,JAWA TENGAH,33,JAWA TENGAH,3303,PURBALINGGA,33.03,KABUPATEN PURBALINGGA
33,JAWA TENGAH,33,JAWA TENGAH,3304,BANJARNEGARA,33.04,KABUPATEN BANJARNEGARA
33,JAWA TENGAH,33,JAWA TENGAH,3305,KEBUMEN,33.05,KABUPATEN KEBUMEN
33,JAWA TENGAH,33,JAWA TENGAH,3306,PURWOREJO,33.06,KABUPATEN PURWOREJO
33,JAWA TENGAH,33,JAWA TENGAH,3307,WONOSOBO,33.07,KABUPATEN WONOSOBO
33,JAWA TENGAH,33,JAWA TENGAH,3308,MAGELANG,33.08,KABUPATEN MAGELANG
33,JAWA TENGAH,33,JAWA TENGAH,3309,BOYOLALI,33.09,KABUPATEN BOYOLALI
33,JAWA TENGAH,33,JAWA TENGAH,3310,KLATEN,33.1,KABUPATEN KLATEN
33,JAWA TENGAH,33,JAWA TENGAH,3311,SUKOHARJO,33.11,KABUPATEN SUKOHARJO
33,JAWA TENGAH,33,JAWA TENGAH,3312,WONOGIRI,33.12,KABUPATEN WONOGIRI
33,JAWA TENGAH,33,JAWA TENGAH,3313,KARANGANYAR,33.13,KABUPATEN KARANGANYAR
33,JAWA TENGAH,33,JAWA TENGAH,3314,SRAGEN,33.14,KABUPATEN SRAGEN
33,JAWA TENGAH,33,JAWA TENGAH,3315,GROBOGAN,33.15,KABUPATEN GROBOGAN
33,JAWA TENGAH,33,JAWA TENGAH,3316,BLORA,33.16,KABUPATEN BLORA
33,JAWA TENGAH,33,JAWA TENGAH,3317,REMBANG,33.17,KABUPATEN REMBANG
33,JAWA TENGAH,33,JAWA TENGAH,3318,PATI,33.18,KABUPATEN PATI
33,JAWA TENGAH,33,JAWA TENGAH,3319,KUDUS,33.19,KABUPATEN KUDUS
33,JAWA TENGAH,33,JAWA TENGAH,3320,JEPARA,33.2,KABUPATEN JEPARA
33,JAWA TENGAH,33,JAWA TENGAH,3321,DEMAK,33.21,KABUPATEN DEMAK
33,JAWA TENGAH,33,JAWA TENGAH,3322,SEMARANG,33.22,KABUPATEN SEMARANG
33,JAWA TENGAH,33,JAWA TENGAH,3323,TEMANGGUNG,33.23,KABUPATEN TEMANGGUNG
33,JAWA TENGAH,33,JAWA TENGAH,3324,KENDAL,33.24,KABUPATEN KENDAL
33,JAWA TENGAH,33,JAWA TENGAH,3325,BATANG,33.25,KABUPATEN BATANG
33,JAWA TENGAH,33,JAWA TENGAH,3326,PEKALONGAN,33.26,KABUPATEN PEKALONGAN
33,JAWA TENGAH,33,JAWA TENGAH,3327,PEMALANG,33.27,KABUPATEN PEMALANG
33,JAWA TENGAH,33,JAWA TENGAH,3328,TEGAL,33.28,KABUPATEN TEGAL
33,JAWA TENGAH,33,JAWA TENGAH,3329,BREBES,33.29,KABUPATEN BREBES
33,JAWA TENGAH,33,JAWA TENGAH,3371,MAGELANG,33.71,KOTA MAGELANG
33,JAWA TENGAH,33,JAWA TENGAH,3372,SURAKARTA,33.72,KOTA SURAKARTA
33,JAWA TENGAH,33,JAWA TENGAH,3373,SALATIGA,33.73,KOTA SALATIGA
33,JAWA TENGAH,33,JAWA TENGAH,3374,SEMARANG,33.74,KOTA SEMARANG
33,JAWA TENGAH,33,JAWA TENGAH,3375,PEKALONGAN,33.75,KOTA PEKALONGAN
33,JAWA TENGAH,33,JAWA TENGAH,3376,TEGAL,33.76,KOTA TEGAL
12,SUMATERA UTARA,12,SUMATERA UTARA,1201,NIAS,12.04,KABUPATEN NIAS
12,SUMATERA UTARA,12,SUMATERA UTARA,1202,MANDAILING NATAL,12.13,KABUPATEN MANDAILING NATAL
12,SUMATERA UTARA,12,SUMATERA UTARA,1203,TAPANULI SELATAN,12.03,KABUPATEN TAPANULI SELATAN
12,SUMATERA UTARA,12,SUMATERA UTARA,1204,TAPANULI TENGAH,12.01,KABUPATEN TAPANULI TENGAH
12,SUMATERA UTARA,12,SUMATERA UTARA,1205,TAPANULI UTARA,12.02,KABUPATEN TAPANULI UTARA
12,SUMATERA UTARA,12,SUMATERA UTARA,1206,TOBA,12.12,KABUPATEN TOBA
12,SUMATERA UTARA,12,SUMATERA UTARA,1207,LABUHANBATU,12.1,KABUPATEN LABUHANBATU
12,SUMATERA UTARA,12,SUMATERA UTARA,1208,ASAHAN,12.09,KABUPATEN ASAHAN
12,SUMATERA UTARA,12,SUMATERA UTARA,1209,SIMALUNGUN,12.08,KABUPATEN SIMALUNGUN
12,SUMATERA UTARA,12,SUMATERA UTARA,1210,DAIRI,12.11,KABUPATEN DAIRI
12,SUMATERA UTARA,12,SUMATERA UTARA,1211,KARO,12.06,KABUPATEN KARO
12,SUMATERA UTARA,12,SUMATERA UTARA,1212,DELI SERDANG,12.07,KABUPATEN DELI SERDANG
12,SUMATERA UTARA,12,SUMATERA UTARA,1213,LANGKAT,12.05,KABUPATEN LANGKAT
12,SUMATERA UTARA,12,SUMATERA UTARA,1214,NIAS SELATAN,12.14,KABUPATEN NIAS SELATAN
12,SUMATERA UTARA,12,SUMATERA UTARA,1215,HUMBANG HASUNDUTAN,12.16,KABUPATEN HUMBANG HASUNDUTAN
12,SUMATERA UTARA,12,SUMATERA UTARA,1216,PAKPAK BHARAT,12.15,KABUPATEN PAKPAK BHARAT
12,SUMATERA UTARA,12,SUMATERA UTARA,1217,SAMOSIR,12.17,KABUPATEN SAMOSIR
12,SUMATERA UTARA,12,SUMATERA UTARA,1218,SERDANG BEDAGAI,12.18,KABUPATEN SERDANG BEDAGAI
12,SUMATERA UTARA,12,SUMATERA UTARA,1219,BATU BARA,12.19,KABUPATEN BATU BARA
12,SUMATERA UTARA,12,SUMATERA UTARA,1220,PADANG LAWAS UTARA,12.2,KABUPATEN PADANG LAWAS UTARA
12,SUMATERA UTARA,12,SUMATERA UTARA,1221,PADANG LAWAS,12.21,KABUPATEN PADANG LAWAS
12,SUMATERA UTARA,12,SUMATERA UTARA,1222,LABUHANBATU SELATAN,12.22,KABUPATEN LABUHANBATU SELATAN
12,SUMATERA UTARA,12,SUMATERA UTARA,1223,LABUHANBATU UTARA,12.23,KABUPATEN LABUHANBATU UTARA
12,SUMATERA UTARA,12,SUMATERA UTARA,1224,NIAS UTARA,12.24,KABUPATEN NIAS UTARA
12,SUMATERA UTARA,12,SUMATERA UTARA,1225,NIAS BARAT,12.25,KABUPATEN NIAS BARAT
12,SUMATERA UTARA,12,SUMATERA UTARA,1271,SIBOLGA,12.73,KOTA SIBOLGA
12,SUMATERA UTARA,12,SUMATERA UTARA,1272,TANJUNGBALAI,12.74,KOTA TANJUNGBALAI
12,SUMATERA UTARA,12,SUMATERA UTARA,1273,PEMATANGSIANTAR,12.72,KOTA PEMATANGSIANTAR
12,SUMATERA UTARA,12,SUMATERA UTARA,1274,TEBING TINGGI,12.76,KOTA TEBING TINGGI
12,SUMATERA UTARA,12,SUMATERA UTARA,1275,MEDAN,12.71,KOTA MEDAN
12,SUMATERA UTARA,12,SUMATERA UTARA,1276,BINJAI,12.75,KOTA BINJAI
12,SUMATERA UTARA,12,SUMATERA UTARA,1277,PADANGSIDIMPUAN,12.77,KOTA PADANGSIDIMPUAN
12,SUMATERA UTARA,12,SUMATERA UTARA,1278,GUNUNGSITOLI,12.78,KOTA GUNUNGSITOLI
61,KALIMANTAN BARAT,61,KALIMANTAN BARAT,6101,SAMBAS,61.01,KABUPATEN SAMBAS
61,KALIMANTAN BARAT,61,KALIMANTAN BARAT,6102,BENGKAYANG,61.07,KABUPATEN BENGKAYANG
61,KALIMANTAN BARAT,61,KALIMANTAN BARAT,6103,LANDAK,61.08,KABUPATEN LANDAK
61,KALIMANTAN BARAT,61,KALIMANTAN BARAT,6104,MEMPAWAH,61.02,KABUPATEN MEMPAWAH
61,KALIMANTAN BARAT,61,KALIMANTAN BARAT,6105,SANGGAU,61.03,KABUPATEN SANGGAU
61,KALIMANTAN BARAT,61,KALIMANTAN BARAT,6106,KETAPANG,61.04,KABUPATEN KETAPANG
61,KALIMANTAN BARAT,61,KALIMANTAN BARAT,6107,SINTANG,61.05,KABUPATEN SINTANG
61,KALIMANTAN BARAT,61,KALIMANTAN BARAT,6108,KAPUAS HULU,61.06,KABUPATEN KAPUAS HULU
61,KALIMANTAN BARAT,61,KALIMANTAN BARAT,6109,SEKADAU,61.09,KABUPATEN SEKADAU
61,KALIMANTAN BARAT,61,KALIMANTAN BARAT,6110,MELAWI,61.1,KABUPATEN MELAWI
61,KALIMANTAN BARAT,61,KALIMANTAN BARAT,6111,KAYONG UTARA,61.11,KABUPATEN KAYONG UTARA
61,KALIMANTAN BARAT,61,KALIMANTAN BARAT,6112,KUBU RAYA,61.12,KABUPATEN KUBU RAYA
61,KALIMANTAN BARAT,61,KALIMANTAN BARAT,6171,PONTIANAK,61.71,KOTA PONTIANAK
61,KALIMANTAN BARAT,61,KALIMANTAN BARAT,6172,SINGKAWANG,61.72,KOTA SINGKAWANG
17,BENGKULU,17,BENGKULU,1701,BENGKULU SELATAN,17.01,KABUPATEN BENGKULU SELATAN
17,BENGKULU,17,BENGKULU,1702,REJANG LEBONG,17.02,KABUPATEN REJANG LEBONG
17,BENGKULU,17,BENGKULU,1703,BENGKULU UTARA,17.03,KABUPATEN BENGKULU UTARA
17,BENGKULU,17,BENGKULU,1704,KAUR,17.04,KABUPATEN KAUR
17,BENGKULU,17,BENGKULU,1705,SELUMA,17.05,KABUPATEN SELUMA
17,BENGKULU,17,BENGKULU,1706,MUKOMUKO,17.06,KABUPATEN MUKOMUKO
17,BENGKULU,17,BENGKULU,1707,LEBONG,17.07,KABUPATEN LEBONG
17,BENGKULU,17,BENGKULU,1708,KEPAHIANG,17.08,KABUPATEN KEPAHIANG
17,BENGKULU,17,BENGKULU,1709,BENGKULU TENGAH,17.09,KABUPATEN BENGKULU TENGAH
17,BENGKULU,17,BENGKULU,1771,BENGKULU,17.71,KOTA BENGKULU
51,BALI,51,BALI,5101,JEMBRANA,51.01,KABUPATEN JEMBRANA
51,BALI,51,BALI,5102,TABANAN,51.02,KABUPATEN TABANAN
51,BALI,51,BALI,5103,BADUNG,51.03,KABUPATEN BADUNG
51,BALI,51,BALI,5104,GIANYAR,51.04,KABUPATEN GIANYAR
51,BALI,51,BALI,5105,KLUNGKUNG,51.05,KABUPATEN KLUNGKUNG
51,BALI,51,BALI,5106,BANGLI,51.06,KABUPATEN BANGLI
51,BALI,51,BALI,5107,KARANGASEM,51.07,KABUPATEN KARANGASEM
51,BALI,51,BALI,5108,BULELENG,51.08,KABUPATEN BULELENG
51,BALI,51,BALI,5171,DENPASAR,51.71,KOTA DENPASAR
19,KEPULAUAN BANGKA BELITUNG,19,KEPULAUAN BANGKA BELITUNG,1901,BANGKA,19.01,KABUPATEN BANGKA
19,KEPULAUAN BANGKA BELITUNG,19,KEPULAUAN BANGKA BELITUNG,1902,BELITUNG,19.02,KABUPATEN BELITUNG
19,KEPULAUAN BANGKA BELITUNG,19,KEPULAUAN BANGKA BELITUNG,1903,BANGKA BARAT,19.05,KABUPATEN BANGKA BARAT
19,KEPULAUAN BANGKA BELITUNG,19,KEPULAUAN BANGKA BELITUNG,1904,BANGKA TENGAH,19.04,KABUPATEN BANGKA TENGAH
19,KEPULAUAN BANGKA BELITUNG,19,KEPULAUAN BANGKA BELITUNG,1905,BANGKA SELATAN,19.03,KABUPATEN BANGKA SELATAN
19,KEPULAUAN BANGKA BELITUNG,19,KEPULAUAN BANGKA BELITUNG,1906,BELITUNG TIMUR,19.06,KABUPATEN BELITUNG TIMUR
19,KEPULAUAN BANGKA BELITUNG,19,KEPULAUAN BANGKA BELITUNG,1971,PANGKAL PINANG,19.71,KOTA PANGKAL PINANG
21,KEPULAUAN RIAU,21,KEPULAUAN RIAU,2101,KARIMUN,21.02,KABUPATEN KARIMUN
21,KEPULAUAN RIAU,21,KEPULAUAN RIAU,2102,BINTAN,21.01,KABUPATEN BINTAN
21,KEPULAUAN RIAU,21,KEPULAUAN RIAU,2103,NATUNA,21.03,KABUPATEN NATUNA
21,KEPULAUAN RIAU,21,KEPULAUAN RIAU,2104,LINGGA,21.04,KABUPATEN LINGGA
21,KEPULAUAN RIAU,21,KEPULAUAN RIAU,2105,KEPULAUAN ANAMBAS,21.05,KABUPATEN KEPULAUAN ANAMBAS
21,KEPULAUAN RIAU,21,KEPULAUAN RIAU,2171,BATAM,21.71,KOTA BATAM
21,KEPULAUAN RIAU,21,KEPULAUAN RIAU,2172,TANJUNG PINANG,21.72,KOTA TANJUNG PINANG
16,SUMATERA SELATAN,16,SUMATERA SELATAN,1601,OGAN KOMERING ULU,16.01,KABUPATEN OGAN KOMERING ULU
16,SUMATERA SELATAN,16,SUMATERA SELATAN,1602,OGAN KOMERING ILIR,16.02,KABUPATEN OGAN KOMERING ILIR
16,SUMATERA SELATAN,16,SUMATERA SELATAN,1603,MUARA ENIM,16.03,KABUPATEN MUARA ENIM
16,SUMATERA SELATAN,16,SUMATERA SELATAN,1604,LAHAT,16.04,KABUPATEN LAHAT
16,SUMATERA SELATAN,16,SUMATERA SELATAN,1605,MUSI RAWAS,16.05,KABUPATEN MUSI RAWAS
16,SUMATERA SELATAN,16,SUMATERA SELATAN,1606,MUSI BANYUASIN,16.06,KABUPATEN MUSI BANYUASIN
16,SUMATERA SELATAN,16,SUMATERA SELATAN,1607,BANYUASIN,16.07,KABUPATEN BANYUASIN
16,SUMATERA SELATAN,16,SUMATERA SELATAN,1608,OGAN KOMERING ULU SELATAN,16.09,KABUPATEN OGAN KOMERING ULU SELATAN
16,SUMATERA SELATAN,16,SUMATERA SELATAN,1609,OGAN KOMERING ULU TIMUR,16.08,KABUPATEN OGAN KOMERING ULU TIMUR
16,SUMATERA SELATAN,16,SUMATERA SELATAN,1610,OGAN ILIR,16.1,KABUPATEN OGAN ILIR
16,SUMATERA SELATAN,16,SUMATERA SELATAN,1611,EMPAT LAWANG,16.11,KABUPATEN EMPAT LAWANG
16,SUMATERA SELATAN,16,SUMATERA SELATAN,1612,PENUKAL ABAB LEMATANG ILIR,16.12,KABUPATEN PENUKAL ABAB LEMATANG ILIR
16,SUMATERA SELATAN,16,SUMATERA SELATAN,1613,MUSI RAWAS UTARA,16.13,KABUPATEN MUSI RAWAS UTARA
16,SUMATERA SELATAN,16,SUMATERA SELATAN,1671,PALEMBANG,16.71,KOTA PALEMBANG
16,SUMATERA SELATAN,16,SUMATERA SELATAN,1672,PRABUMULIH,16.74,KOTA PRABUMULIH
16,SUMATERA SELATAN,16,SUMATERA SELATAN,1673,PAGAR ALAM,16.72,KOTA PAGAR ALAM
16,SUMATERA SELATAN,16,SUMATERA SELATAN,1674,LUBUKLINGGAU,16.73,KOTA LUBUK LINGGAU
18,LAMPUNG,18,LAMPUNG,1801,LAMPUNG BARAT,18.04,KABUPATEN LAMPUNG BARAT
18,LAMPUNG,18,LAMPUNG,1802,TANGGAMUS,18.06,KABUPATEN TANGGAMUS
18,LAMPUNG,18,LAMPUNG,1803,LAMPUNG SELATAN,18.01,KABUPATEN LAMPUNG SELATAN
18,LAMPUNG,18,LAMPUNG,1804,LAMPUNG TIMUR,18.07,KABUPATEN LAMPUNG TIMUR
18,LAMPUNG,18,LAMPUNG,1805,LAMPUNG TENGAH,18.02,KABUPATEN LAMPUNG TENGAH
18,LAMPUNG,18,LAMPUNG,1806,LAMPUNG UTARA,18.03,KABUPATEN LAMPUNG UTARA
18,LAMPUNG,18,LAMPUNG,1807,WAY KANAN,18.08,KABUPATEN WAY KANAN
18,LAMPUNG,18,LAMPUNG,1808,TULANG BAWANG,18.05,KABUPATEN TULANG BAWANG
18,LAMPUNG,18,LAMPUNG,1809,PESAWARAN,18.09,KABUPATEN PESAWARAN
18,LAMPUNG,18,LAMPUNG,1810,PRINGSEWU,18.1,KABUPATEN PRINGSEWU
18,LAMPUNG,18,LAMPUNG,1811,MESUJI,18.11,KABUPATEN MESUJI
18,LAMPUNG,18,LAMPUNG,1812,TULANG BAWANG BARAT,18.12,KABUPATEN TULANG BAWANG BARAT
18,LAMPUNG,18,LAMPUNG,1813,PESISIR BARAT,18.13,KABUPATEN PESISIR BARAT
18,LAMPUNG,18,LAMPUNG,1871,BANDAR LAMPUNG,18.71,KOTA BANDAR LAMPUNG
18,LAMPUNG,18,LAMPUNG,1872,METRO,18.72,KOTA METRO
36,BANTEN,36,BANTEN,3601,PANDEGLANG,36.01,KABUPATEN PANDEGLANG
36,BANTEN,36,BANTEN,3602,LEBAK,36.02,KABUPATEN LEBAK
36,BANTEN,36,BANTEN,3603,TANGERANG,36.03,KABUPATEN TANGERANG
36,BANTEN,36,BANTEN,3604,SERANG,36.04,KABUPATEN SERANG
36,BANTEN,36,BANTEN,3671,TANGERANG,36.71,KOTA TANGERANG
36,BANTEN,36,BANTEN,3672,CILEGON,36.72,KOTA CILEGON
36,BANTEN,36,BANTEN,3673,SERANG,36.73,KOTA SERANG
36,BANTEN,36,BANTEN,3674,TANGERANG SELATAN,36.74,KOTA TANGERANG SELATAN
35,JAWA TIMUR,35,JAWA TIMUR,3501,PACITAN,35.01,KABUPATEN PACITAN
35,JAWA TIMUR,35,JAWA TIMUR,3502,PONOROGO,35.02,KABUPATEN PONOROGO
35,JAWA TIMUR,35,JAWA TIMUR,3503,TRENGGALEK,35.03,KABUPATEN TRENGGALEK
35,JAWA TIMUR,35,JAWA TIMUR,3504,TULUNGAGUNG,35.04,KABUPATEN TULUNGAGUNG
35,JAWA TIMUR,35,JAWA TIMUR,3505,BLITAR,35.05,KABUPATEN BLITAR
35,JAWA TIMUR,35,JAWA TIMUR,3506,KEDIRI,35.06,KABUPATEN KEDIRI
35,JAWA TIMUR,35,JAWA TIMUR,3507,MALANG,35.07,KABUPATEN MALANG
35,JAWA TIMUR,35,JAWA TIMUR,3508,LUMAJANG,35.08,KABUPATEN LUMAJANG
35,JAWA TIMUR,35,JAWA TIMUR,3509,JEMBER,35.09,KABUPATEN JEMBER
35,JAWA TIMUR,35,JAWA TIMUR,3510,BANYUWANGI,35.1,KABUPATEN BANYUWANGI
35,JAWA TIMUR,35,JAWA TIMUR,3511,BONDOWOSO,35.11,KABUPATEN BONDOWOSO
35,JAWA TIMUR,35,JAWA TIMUR,3512,SITUBONDO,35.12,KABUPATEN SITUBONDO
35,JAWA TIMUR,35,JAWA TIMUR,3513,PROBOLINGGO,35.13,KABUPATEN PROBOLINGGO
35,JAWA TIMUR,35,JAWA TIMUR,3514,PASURUAN,35.14,KABUPATEN PASURUAN
35,JAWA TIMUR,35,JAWA TIMUR,3515,SIDOARJO,35.15,KABUPATEN SIDOARJO
35,JAWA TIMUR,35,JAWA TIMUR,3516,MOJOKERTO,35.16,KABUPATEN MOJOKERTO
35,JAWA TIMUR,35,JAWA TIMUR,3517,JOMBANG,35.17,KABUPATEN JOMBANG
35,JAWA TIMUR,35,JAWA TIMUR,3518,NGANJUK,35.18,KABUPATEN NGANJUK
35,JAWA TIMUR,35,JAWA TIMUR,3519,MADIUN,35.19,KABUPATEN MADIUN
35,JAWA TIMUR,35,JAWA TIMUR,3520,MAGETAN,35.2,KABUPATEN MAGETAN
35,JAWA TIMUR,35,JAWA TIMUR,3521,NGAWI,35.21,KABUPATEN NGAWI
35,JAWA TIMUR,35,JAWA TIMUR,3522,BOJONEGORO,35.22,KABUPATEN BOJONEGORO
35,JAWA TIMUR,35,JAWA TIMUR,3523,TUBAN,35.23,KABUPATEN TUBAN
35,JAWA TIMUR,35,JAWA TIMUR,3524,LAMONGAN,35.24,KABUPATEN LAMONGAN
35,JAWA TIMUR,35,JAWA TIMUR,3525,GRESIK,35.25,KABUPATEN GRESIK
35,JAWA TIMUR,35,JAWA TIMUR,3526,BANGKALAN,35.26,KABUPATEN BANGKALAN
35,JAWA TIMUR,35,JAWA TIMUR,3527,SAMPANG,35.27,KABUPATEN SAMPANG
35,JAWA TIMUR,35,JAWA TIMUR,3528,PAMEKASAN,35.28,KABUPATEN PAMEKASAN
35,JAWA TIMUR,35,JAWA TIMUR,3529,SUMENEP,35.29,KABUPATEN SUMENEP
35,JAWA TIMUR,35,JAWA TIMUR,3571,KEDIRI,35.71,KOTA KEDIRI
35,JAWA TIMUR,35,JAWA TIMUR,3572,BLITAR,35.72,KOTA BLITAR
35,JAWA TIMUR,35,JAWA TIMUR,3573,MALANG,35.73,KOTA MALANG
35,JAWA TIMUR,35,JAWA TIMUR,3574,PROBOLINGGO,35.74,KOTA PROBOLINGGO
35,JAWA TIMUR,35,JAWA TIMUR,3575,PASURUAN,35.75,KOTA PASURUAN
35,JAWA TIMUR,35,JAWA TIMUR,3576,MOJOKERTO,35.76,KOTA MOJOKERTO
35,JAWA TIMUR,35,JAWA TIMUR,3577,MADIUN,35.77,KOTA MADIUN
35,JAWA TIMUR,35,JAWA TIMUR,3578,SURABAYA,35.78,KOTA SURABAYA
35,JAWA TIMUR,35,JAWA TIMUR,3579,BATU,35.79,KOTA BATU
32,JAWA BARAT,32,JAWA BARAT,3201,BOGOR,32.01,KABUPATEN BOGOR
32,JAWA BARAT,32,JAWA BARAT,3202,SUKABUMI,32.02,KABUPATEN SUKABUMI
32,JAWA BARAT,32,JAWA BARAT,3203,CIANJUR,32.03,KABUPATEN CIANJUR
32,JAWA BARAT,32,JAWA BARAT,3204,BANDUNG,32.04,KABUPATEN BANDUNG
32,JAWA BARAT,32,JAWA BARAT,3205,GARUT,32.05,KABUPATEN GARUT
32,JAWA BARAT,32,JAWA BARAT,3206,TASIKMALAYA,32.06,KABUPATEN TASIKMALAYA
32,JAWA BARAT,32,JAWA BARAT,3207,CIAMIS,32.07,KABUPATEN CIAMIS
32,JAWA BARAT,32,JAWA BARAT,3208,KUNINGAN,32.08,KABUPATEN KUNINGAN
32,JAWA BARAT,32,JAWA BARAT,3209,CIREBON,32.09,KABUPATEN CIREBON
32,JAWA BARAT,32,JAWA BARAT,3210,MAJALENGKA,32.1,KABUPATEN MAJALENGKA
32,JAWA BARAT,32,JAWA BARAT,3211,SUMEDANG,32.11,KABUPATEN SUMEDANG
32,JAWA BARAT,32,JAWA BARAT,3212,INDRAMAYU,32.12,KABUPATEN INDRAMAYU
32,JAWA BARAT,32,JAWA BARAT,3213,SUBANG,32.13,KABUPATEN SUBANG
32,JAWA BARAT,32,JAWA BARAT,3214,PURWAKARTA,32.14,KABUPATEN PURWAKARTA
32,JAWA BARAT,32,JAWA BARAT,3215,KARAWANG,32.15,KABUPATEN KARAWANG
32,JAWA BARAT,32,JAWA BARAT,3216,BEKASI,32.16,KABUPATEN BEKASI
32,JAWA BARAT,32,JAWA BARAT,3217,BANDUNG BARAT,32.17,KABUPATEN BANDUNG BARAT
32,JAWA BARAT,32,JAWA BARAT,3218,PANGANDARAN,32.18,KABUPATEN PANGANDARAN
32,JAWA BARAT,32,JAWA BARAT,3271,BOGOR,32.71,KOTA BOGOR
32,JAWA BARAT,32,JAWA BARAT,3272,SUKABUMI,32.72,KOTA SUKABUMI
32,JAWA BARAT,32,JAWA BARAT,3273,BANDUNG,32.73,KOTA BANDUNG
32,JAWA BARAT,32,JAWA BARAT,3274,CIREBON,32.74,KOTA CIREBON
32,JAWA BARAT,32,JAWA BARAT,3275,BEKASI,32.75,KOTA BEKASI
32,JAWA BARAT,32,JAWA BARAT,3276,DEPOK,32.76,KOTA DEPOK
32,JAWA BARAT,32,JAWA BARAT,3277,CIMAHI,32.77,KOTA CIMAHI
32,JAWA BARAT,32,JAWA BARAT,3278,TASIKMALAYA,32.78,KOTA TASIKMALAYA
32,JAWA BARAT,32,JAWA BARAT,3279,BANJAR,32.79,KOTA BANJAR
63,KALIMANTAN SELATAN,63,KALIMANTAN SELATAN,6301,TANAH LAUT,63.01,KABUPATEN TANAH LAUT
63,KALIMANTAN SELATAN,63,KALIMANTAN SELATAN,6302,KOTABARU,63.02,KABUPATEN KOTABARU
63,KALIMANTAN SELATAN,63,KALIMANTAN SELATAN,6303,BANJAR,63.03,KABUPATEN BANJAR
63,KALIMANTAN SELATAN,63,KALIMANTAN SELATAN,6304,BARITO KUALA,63.04,KABUPATEN BARITO KUALA
63,KALIMANTAN SELATAN,63,KALIMANTAN SELATAN,6305,TAPIN,63.05,KABUPATEN TAPIN
63,KALIMANTAN SELATAN,63,KALIMANTAN SELATAN,6306,HULU SUNGAI SELATAN,63.06,KABUPATEN HULU SUNGAI SELATAN
63,KALIMANTAN SELATAN,63,KALIMANTAN SELATAN,6307,HULU SUNGAI TENGAH,63.07,KABUPATEN HULU SUNGAI TENGAH
63,KALIMANTAN SELATAN,63,KALIMANTAN SELATAN,6308,HULU SUNGAI UTARA,63.08,KABUPATEN HULU SUNGAI UTARA
63,KALIMANTAN SELATAN,63,KALIMANTAN SELATAN,6309,TABALONG,63.09,KABUPATEN TABALONG
63,KALIMANTAN SELATAN,63,KALIMANTAN SELATAN,6310,TANAH BUMBU,63.1,KABUPATEN TANAH BUMBU
63,KALIMANTAN SELATAN,63,KALIMANTAN SELATAN,6311,BALANGAN,63.11,KABUPATEN BALANGAN
63,KALIMANTAN SELATAN,63,KALIMANTAN SELATAN,6371,BANJARMASIN,63.71,KOTA BANJARMASIN
63,KALIMANTAN SELATAN,63,KALIMANTAN SELATAN,6372,BANJARBARU,63.72,KOTA BANJARBARU
34,DI YOGYAKARTA,34,DI YOGYAKARTA,3401,KULON PROGO,34.01,KABUPATEN KULON PROGO
34,DI YOGYAKARTA,34,DI YOGYAKARTA,3402,BANTUL,34.02,KABUPATEN BANTUL
34,DI YOGYAKARTA,34,DI YOGYAKARTA,3403,GUNUNGKIDUL,34.03,KABUPATEN GUNUNGKIDUL
34,DI YOGYAKARTA,34,DI YOGYAKARTA,3404,SLEMAN,34.04,KABUPATEN SLEMAN
34,DI YOGYAKARTA,34,DI YOGYAKARTA,3471,YOGYAKARTA,34.71,KOTA YOGYAKARTA
52,NUSA TENGGARA BARAT,52,NUSA TENGGARA BARAT,5201,LOMBOK BARAT,52.01,KABUPATEN LOMBOK BARAT
52,NUSA TENGGARA BARAT,52,NUSA TENGGARA BARAT,5202,LOMBOK TENGAH,52.02,KABUPATEN LOMBOK TENGAH
52,NUSA TENGGARA BARAT,52,NUSA TENGGARA BARAT,5203,LOMBOK TIMUR,52.03,KABUPATEN LOMBOK TIMUR
52,NUSA TENGGARA BARAT,52,NUSA TENGGARA BARAT,5204,SUMBAWA,52.04,KABUPATEN SUMBAWA
52,NUSA TENGGARA BARAT,52,NUSA TENGGARA BARAT,5205,DOMPU,52.05,KABUPATEN DOMPU
52,NUSA TENGGARA BARAT,52,NUSA TENGGARA BARAT,5206,BIMA,52.06,KABUPATEN BIMA
52,NUSA TENGGARA BARAT,52,NUSA TENGGARA BARAT,5207,SUMBAWA BARAT,52.07,KABUPATEN SUMBAWA BARAT
52,NUSA TENGGARA BARAT,52,NUSA TENGGARA BARAT,5208,LOMBOK UTARA,52.08,KABUPATEN LOMBOK UTARA
52,NUSA TENGGARA BARAT,52,NUSA TENGGARA BARAT,5271,MATARAM,52.71,KOTA MATARAM
52,NUSA TENGGARA BARAT,52,NUSA TENGGARA BARAT,5272,BIMA,52.72,KOTA BIMA
14,RIAU,14,RIAU,1401,KUANTAN SINGINGI,14.09,KABUPATEN KUANTAN SINGINGI
14,RIAU,14,RIAU,1402,INDRAGIRI HULU,14.02,KABUPATEN INDRAGIRI HULU
14,RIAU,14,RIAU,1403,INDRAGIRI HILIR,14.04,KABUPATEN INDRAGIRI HILIR
14,RIAU,14,RIAU,1404,PELALAWAN,14.05,KABUPATEN  PELALAWAN
14,RIAU,14,RIAU,1405,SIAK,14.08,KABUPATEN SIAK
14,RIAU,14,RIAU,1406,KAMPAR,14.01,KABUPATEN KAMPAR
14,RIAU,14,RIAU,1407,ROKAN HULU,14.06,KABUPATEN  ROKAN HULU
14,RIAU,14,RIAU,1408,BENGKALIS,14.03,KABUPATEN BENGKALIS
14,RIAU,14,RIAU,1409,ROKAN HILIR,14.07,KABUPATEN  ROKAN HILIR
14,RIAU,14,RIAU,1410,KEPULAUAN MERANTI,14.1,KABUPATEN KEPULAUAN MERANTI
14,RIAU,14,RIAU,1471,PEKANBARU,14.71,KOTA PEKANBARU
14,RIAU,14,RIAU,1473,DUMAI,14.72,KOTA DUMAI
64,KALIMANTAN TIMUR,64,KALIMANTAN TIMUR,6401,PASER,64.01,KABUPATEN PASER
64,KALIMANTAN TIMUR,64,KALIMANTAN TIMUR,6402,KUTAI BARAT,64.07,KABUPATEN KUTAI BARAT
64,KALIMANTAN TIMUR,64,KALIMANTAN TIMUR,6403,KUTAI KARTANEGARA,64.02,KABUPATEN KUTAI KARTANEGARA
64,KALIMANTAN TIMUR,64,KALIMANTAN TIMUR,6404,KUTAI TIMUR,64.08,KABUPATEN KUTAI TIMUR
64,KALIMANTAN TIMUR,64,KALIMANTAN TIMUR,6405,BERAU,64.03,KABUPATEN BERAU
64,KALIMANTAN TIMUR,64,KALIMANTAN TIMUR,6409,PENAJAM PASER UTARA,64.09,KABUPATEN PENAJAM PASER UTARA
64,KALIMANTAN TIMUR,64,KALIMANTAN TIMUR,6411,MAHAKAM ULU,64.11,KABUPATEN MAHAKAM ULU
64,KALIMANTAN TIMUR,64,KALIMANTAN TIMUR,6471,BALIKPAPAN,64.71,KOTA BALIKPAPAN
64,KALIMANTAN TIMUR,64,KALIMANTAN TIMUR,6472,SAMARINDA,64.72,KOTA SAMARINDA
64,KALIMANTAN TIMUR,64,KALIMANTAN TIMUR,6474,BONTANG,64.74,KOTA BONTANG
65,KALIMANTAN UTARA,65,KALIMANTAN UTARA,6501,MALINAU,65.02,KABUPATEN MALINAU
65,KALIMANTAN UTARA,65,KALIMANTAN UTARA,6502,BULUNGAN,65.01,KABUPATEN BULUNGAN
65,KALIMANTAN UTARA,65,KALIMANTAN UTARA,6503,TANA TIDUNG,65.04,KABUPATEN TANA TIDUNG
65,KALIMANTAN UTARA,65,KALIMANTAN UTARA,6504,NUNUKAN,65.03,KABUPATEN NUNUKAN
65,KALIMANTAN UTARA,65,KALIMANTAN UTARA,6571,TARAKAN,65.71,KOTA TARAKAN
71,SULAWESI UTARA,71,SULAWESI UTARA,7101,BOLAANG MONGONDOW,71.01,KABUPATEN BOLAANG MONGONDOW
71,SULAWESI UTARA,71,SULAWESI UTARA,7102,MINAHASA,71.02,KABUPATEN MINAHASA
71,SULAWESI UTARA,71,SULAWESI UTARA,7103,KEPULAUAN SANGIHE,71.03,KABUPATEN KEPULAUAN SANGIHE
71,SULAWESI UTARA,71,SULAWESI UTARA,7104,KEPULAUAN TALAUD,71.04,KABUPATEN KEPULAUAN TALAUD
71,SULAWESI UTARA,71,SULAWESI UTARA,7105,MINAHASA SELATAN,71.05,KABUPATEN MINAHASA SELATAN
71,SULAWESI UTARA,71,SULAWESI UTARA,7106,MINAHASA UTARA,71.06,KABUPATEN MINAHASA UTARA
71,SULAWESI UTARA,71,SULAWESI UTARA,7107,BOLAANG MONGONDOW UTARA,71.08,KABUPATEN BOLAANG MONGONDOW UTARA
71,SULAWESI UTARA,71,SULAWESI UTARA,7108,KEPULAUAN SIAU TAGULANDANG BIARO,71.09,KABUPATEN KEP. SIAU TAGULANDANG BIARO
71,SULAWESI UTARA,71,SULAWESI UTARA,7109,MINAHASA TENGGARA,71.07,KABUPATEN MINAHASA TENGGARA
71,SULAWESI UTARA,71,SULAWESI UTARA,7110,BOLAANG MONGONDOW SELATAN,71.11,KABUPATEN BOLAANG MONGONDOW SELATAN
71,SULAWESI UTARA,71,SULAWESI UTARA,7111,BOLAANG MONGONDOW TIMUR,71.1,KABUPATEN BOLAANG MONGONDOW TIMUR
71,SULAWESI UTARA,71,SULAWESI UTARA,7171,MANADO,71.71,KOTA MANADO
71,SULAWESI UTARA,71,SULAWESI UTARA,7172,BITUNG,71.72,KOTA BITUNG
71,SULAWESI UTARA,71,SULAWESI UTARA,7173,TOMOHON,71.73,KOTA TOMOHON
71,SULAWESI UTARA,71,SULAWESI UTARA,7174,KOTAMOBAGU,71.74,KOTA KOTAMOBAGU
73,SULAWESI SELATAN,73,SULAWESI SELATAN,7301,KEPULAUAN SELAYAR,73.01,KABUPATEN KEPULAUAN SELAYAR
73,SULAWESI SELATAN,73,SULAWESI SELATAN,7302,BULUKUMBA,73.02,KABUPATEN BULUKUMBA
73,SULAWESI SELATAN,73,SULAWESI SELATAN,7303,BANTAENG,73.03,KABUPATEN BANTAENG
73,SULAWESI SELATAN,73,SULAWESI SELATAN,7304,JENEPONTO,73.04,KABUPATEN JENEPONTO
73,SULAWESI SELATAN,73,SULAWESI SELATAN,7305,TAKALAR,73.05,KABUPATEN TAKALAR
73,SULAWESI SELATAN,73,SULAWESI SELATAN,7306,GOWA,73.06,KABUPATEN GOWA
73,SULAWESI SELATAN,73,SULAWESI SELATAN,7307,SINJAI,73.07,KABUPATEN SINJAI
73,SULAWESI SELATAN,73,SULAWESI SELATAN,7308,MAROS,73.09,KABUPATEN MAROS
73,SULAWESI SELATAN,73,SULAWESI SELATAN,7309,PANGKAJENE DAN KEPULAUAN,73.1,KABUPATEN PANGKAJENE DAN KEPULAUAN
73,SULAWESI SELATAN,73,SULAWESI SELATAN,7310,BARRU,73.11,KABUPATEN BARRU
73,SULAWESI SELATAN,73,SULAWESI SELATAN,7311,BONE,73.08,KABUPATEN BONE
73,SULAWESI SELATAN,73,SULAWESI SELATAN,7312,SOPPENG,73.12,KABUPATEN SOPPENG
73,SULAWESI SELATAN,73,SULAWESI SELATAN,7313,WAJO,73.13,KABUPATEN WAJO
73,SULAWESI SELATAN,73,SULAWESI SELATAN,7314,SIDENRENG RAPPANG,73.14,KABUPATEN SIDENRENG RAPPANG
73,SULAWESI SELATAN,73,SULAWESI SELATAN,7315,PINRANG,73.15,KABUPATEN PINRANG
73,SULAWESI SELATAN,73,SULAWESI SELATAN,7316,ENREKANG,73.16,KABUPATEN ENREKANG
73,SULAWESI SELATAN,73,SULAWESI SELATAN,7317,LUWU,73.17,KABUPATEN LUWU
73,SULAWESI SELATAN,73,SULAWESI SELATAN,7318,TANA TORAJA,73.18,KABUPATEN TANA TORAJA
73,SULAWESI SELATAN,73,SULAWESI SELATAN,7322,LUWU UTARA,73.22,KABUPATEN LUWU UTARA
73,SULAWESI SELATAN,73,SULAWESI SELATAN,7325,LUWU TIMUR,73.24,KABUPATEN LUWU TIMUR
73,SULAWESI SELATAN,73,SULAWESI SELATAN,7326,TORAJA UTARA,73.26,KABUPATEN TORAJA UTARA
73,SULAWESI SELATAN,73,SULAWESI SELATAN,7371,MAKASSAR,73.71,KOTA MAKASSAR
73,SULAWESI SELATAN,73,SULAWESI SELATAN,7372,PAREPARE,73.72,KOTA PAREPARE
73,SULAWESI SELATAN,73,SULAWESI SELATAN,7373,PALOPO,73.73,KOTA PALOPO
76,SULAWESI BARAT,76,SULAWESI BARAT,7601,MAJENE,76.05,KABUPATEN MAJENE
76,SULAWESI BARAT,76,SULAWESI BARAT,7602,POLEWALI MANDAR,76.04,KABUPATEN POLEWALI MANDAR
76,SULAWESI BARAT,76,SULAWESI BARAT,7603,MAMASA,76.03,KABUPATEN MAMASA
76,SULAWESI BARAT,76,SULAWESI BARAT,7604,MAMUJU,76.02,KABUPATEN MAMUJU
76,SULAWESI BARAT,76,SULAWESI BARAT,7605,PASANGKAYU,76.01,KABUPATEN PASANGKAYU
76,SULAWESI BARAT,76,SULAWESI BARAT,7606,MAMUJU TENGAH,76.06,KABUPATEN MAMUJU TENGAH
82,MALUKU UTARA,82,MALUKU UTARA,8201,HALMAHERA BARAT,82.01,KABUPATEN HALMAHERA BARAT
82,MALUKU UTARA,82,MALUKU UTARA,8202,HALMAHERA TENGAH,82.02,KABUPATEN HALMAHERA TENGAH
82,MALUKU UTARA,82,MALUKU UTARA,8203,KEPULAUAN SULA,82.05,KABUPATEN KEPULAUAN SULA
82,MALUKU UTARA,82,MALUKU UTARA,8204,HALMAHERA SELATAN,82.04,KABUPATEN HALMAHERA SELATAN
82,MALUKU UTARA,82,MALUKU UTARA,8205,HALMAHERA UTARA,82.03,KABUPATEN HALMAHERA UTARA
82,MALUKU UTARA,82,MALUKU UTARA,8206,HALMAHERA TIMUR,82.06,KABUPATEN HALMAHERA TIMUR
82,MALUKU UTARA,82,MALUKU UTARA,8207,PULAU MOROTAI,82.07,KABUPATEN PULAU MOROTAI
82,MALUKU UTARA,82,MALUKU UTARA,8208,PULAU TALIABU,82.08,KABUPATEN PULAU TALIABU
82,MALUKU UTARA,82,MALUKU UTARA,8271,TERNATE,82.71,KOTA TERNATE
82,MALUKU UTARA,82,MALUKU UTARA,8272,TIDORE KEPULAUAN,82.72,KOTA TIDORE KEPULAUAN
72,SULAWESI TENGAH,72,SULAWESI TENGAH,7201,BANGGAI KEPULAUAN,72.07,KABUPATEN BANGGAI KEPULAUAN
72,SULAWESI TENGAH,72,SULAWESI TENGAH,7202,BANGGAI,72.01,KABUPATEN BANGGAI
72,SULAWESI TENGAH,72,SULAWESI TENGAH,7203,MOROWALI,72.06,KABUPATEN MOROWALI
72,SULAWESI TENGAH,72,SULAWESI TENGAH,7204,POSO,72.02,KABUPATEN POSO
72,SULAWESI TENGAH,72,SULAWESI TENGAH,7205,DONGGALA,72.03,KABUPATEN DONGGALA
72,SULAWESI TENGAH,72,SULAWESI TENGAH,7206,TOLI-TOLI,72.04,KABUPATEN TOLI-TOLI
72,SULAWESI TENGAH,72,SULAWESI TENGAH,7207,BUOL,72.05,KABUPATEN BUOL
72,SULAWESI TENGAH,72,SULAWESI TENGAH,7208,PARIGI MOUTONG,72.08,KABUPATEN PARIGI MOUTONG
72,SULAWESI TENGAH,72,SULAWESI TENGAH,7209,TOJO UNA-UNA,72.09,KABUPATEN TOJO UNA UNA
72,SULAWESI TENGAH,72,SULAWESI TENGAH,7210,SIGI,72.1,KABUPATEN SIGI
72,SULAWESI TENGAH,72,SULAWESI TENGAH,7211,BANGGAI LAUT,72.11,KABUPATEN BANGGAI LAUT
72,SULAWESI TENGAH,72,SULAWESI TENGAH,7212,MOROWALI UTARA,72.12,KABUPATEN MOROWALI UTARA
72,SULAWESI TENGAH,72,SULAWESI TENGAH,7271,PALU,72.71,KOTA PALU
81,MALUKU,81,MALUKU,8101,KEPULAUAN TANIMBAR,81.03,KABUPATEN KEPULAUAN TANIMBAR
81,MALUKU,81,MALUKU,8102,MALUKU TENGGARA,81.02,KABUPATEN MALUKU TENGGARA
81,MALUKU,81,MALUKU,8103,MALUKU TENGAH,81.01,KABUPATEN MALUKU TENGAH
81,MALUKU,81,MALUKU,8104,BURU,81.04,KABUPATEN BURU
81,MALUKU,81,MALUKU,8105,KEPULAUAN ARU,81.07,KABUPATEN KEPULAUAN ARU
81,MALUKU,81,MALUKU,8106,SERAM BAGIAN BARAT,81.06,KABUPATEN SERAM BAGIAN BARAT
81,MALUKU,81,MALUKU,8107,SERAM BAGIAN TIMUR,81.05,KABUPATEN SERAM BAGIAN TIMUR
81,MALUKU,81,MALUKU,8108,MALUKU BARAT DAYA,81.08,KABUPATEN MALUKU BARAT DAYA
81,MALUKU,81,MALUKU,8109,BURU SELATAN,81.09,KABUPATEN BURU SELATAN
81,MALUKU,81,MALUKU,8171,AMBON,81.71,KOTA AMBON
81,MALUKU,81,MALUKU,8172,TUAL,81.72,KOTA TUAL
75,GORONTALO,75,GORONTALO,7501,BOALEMO,75.02,KABUPATEN BOALEMO
75,GORONTALO,75,GORONTALO,7502,GORONTALO,75.01,KABUPATEN GORONTALO
75,GORONTALO,75,GORONTALO,7503,POHUWATO,75.04,KABUPATEN POHUWATO
75,GORONTALO,75,GORONTALO,7504,BONE BOLANGO,75.03,KABUPATEN BONE BOLANGO
75,GORONTALO,75,GORONTALO,7505,GORONTALO UTARA,75.05,KABUPATEN GORONTALO UTARA
75,GORONTALO,75,GORONTALO,7571,GORONTALO,75.71,KOTA GORONTALO
74,SULAWESI TENGGARA,74,SULAWESI TENGGARA,7401,BUTON,74.04,KABUPATEN BUTON
74,SULAWESI TENGGARA,74,SULAWESI TENGGARA,7402,MUNA,74.03,KABUPATEN MUNA
74,SULAWESI TENGGARA,74,SULAWESI TENGGARA,7403,KONAWE,74.02,KABUPATEN KONAWE
74,SULAWESI TENGGARA,74,SULAWESI TENGGARA,7404,KOLAKA,74.01,KABUPATEN KOLAKA
74,SULAWESI TENGGARA,74,SULAWESI TENGGARA,7405,KONAWE SELATAN,74.05,KABUPATEN KONAWE SELATAN
74,SULAWESI TENGGARA,74,SULAWESI TENGGARA,7406,BOMBANA,74.06,KABUPATEN BOMBANA
74,SULAWESI TENGGARA,74,SULAWESI TENGGARA,7407,WAKATOBI,74.07,KABUPATEN WAKATOBI
74,SULAWESI TENGGARA,74,SULAWESI TENGGARA,7408,KOLAKA UTARA,74.08,KABUPATEN KOLAKA UTARA
74,SULAWESI TENGGARA,74,SULAWESI TENGGARA,7409,BUTON UTARA,74.1,KABUPATEN BUTON UTARA
74,SULAWESI TENGGARA,74,SULAWESI TENGGARA,7410,KONAWE UTARA,74.09,KABUPATEN KONAWE UTARA
74,SULAWESI TENGGARA,74,SULAWESI TENGGARA,7411,KOLAKA TIMUR,74.11,KABUPATEN KOLAKA TIMUR
74,SULAWESI TENGGARA,74,SULAWESI TENGGARA,7412,KONAWE KEPULAUAN,74.12,KABUPATEN KONAWE KEPULAUAN
74,SULAWESI TENGGARA,74,SULAWESI TENGGARA,7413,MUNA BARAT,74.13,KABUPATEN MUNA BARAT
74,SULAWESI TENGGARA,74,SULAWESI TENGGARA,7414,BUTON TENGAH,74.14,KABUPATEN BUTON TENGAH
74,SULAWESI TENGGARA,74,SULAWESI TENGGARA,7415,BUTON SELATAN,74.15,KABUPATEN BUTON SELATAN
74,SULAWESI TENGGARA,74,SULAWESI TENGGARA,7471,KENDARI,74.71,KOTA KENDARI
74,SULAWESI TENGGARA,74,SULAWESI TENGGARA,7472,BAUBAU,74.72,KOTA BAU BAU
95,PAPUA SELATAN,93,PAPUA SELATAN,9501,MERAUKE,93.01,KABUPATEN MERAUKE
95,PAPUA SELATAN,93,PAPUA SELATAN,9502,BOVEN DIGOEL,93.02,KABUPATEN BOVEN DIGOEL
95,PAPUA SELATAN,93,PAPUA SELATAN,9503,MAPPI,93.03,KABUPATEN MAPPI
95,PAPUA SELATAN,93,PAPUA SELATAN,9504,ASMAT,93.04,KABUPATEN ASMAT
94,PAPUA,91,PAPUA,9403,JAYAPURA,91.03,KABUPATEN JAYAPURA
94,PAPUA,91,PAPUA,9408,KEPULAUAN YAPEN,91.05,KABUPATEN KEPULAUAN YAPEN
94,PAPUA,91,PAPUA,9409,BIAK NUMFOR,91.06,KABUPATEN BIAK NUMFOR
94,PAPUA,91,PAPUA,9419,SARMI,91.1,KABUPATEN SARMI
94,PAPUA,91,PAPUA,9420,KEEROM,91.11,KABUPATEN KEEROM
94,PAPUA,91,PAPUA,9426,WAROPEN,91.15,KABUPATEN WAROPEN
94,PAPUA,91,PAPUA,9427,SUPIORI,91.19,KABUPATEN SUPIORI
94,PAPUA,91,PAPUA,9428,MAMBERAMO RAYA,91.2,KABUPATEN MAMBERAMO RAYA
94,PAPUA,91,PAPUA,9471,JAYAPURA,91.71,KOTA JAYAPURA
92,PAPUA BARAT DAYA,96,PAPUA BARAT DAYA,9201,RAJA AMPAT,96.03,KABUPATEN RAJA AMPAT
92,PAPUA BARAT DAYA,96,PAPUA BARAT DAYA,9202,SORONG,96.01,KABUPATEN SORONG
92,PAPUA BARAT DAYA,96,PAPUA BARAT DAYA,9203,SORONG SELATAN,96.02,KABUPATEN SORONG SELATAN
92,PAPUA BARAT DAYA,96,PAPUA BARAT DAYA,9204,MAYBRAT,96.05,KABUPATEN MAYBRAT
92,PAPUA BARAT DAYA,96,PAPUA BARAT DAYA,9205,TAMBRAUW,96.04,KABUPATEN TAMBRAUW
92,PAPUA BARAT DAYA,96,PAPUA BARAT DAYA,9271,SORONG,96.71,KOTA SORONG
91,PAPUA BARAT,92,PAPUA BARAT,9101,FAKFAK,92.03,KABUPATEN FAK FAK
91,PAPUA BARAT,92,PAPUA BARAT,9102,KAIMANA,92.08,KABUPATEN KAIMANA
91,PAPUA BARAT,92,PAPUA BARAT,9103,TELUK WONDAMA,92.07,KABUPATEN TELUK WONDAMA
91,PAPUA BARAT,92,PAPUA BARAT,9104,TELUK BINTUNI,92.06,KABUPATEN TELUK BINTUNI
91,PAPUA BARAT,92,PAPUA BARAT,9105,MANOKWARI,92.02,KABUPATEN MANOKWARI
91,PAPUA BARAT,92,PAPUA BARAT,9111,MANOKWARI SELATAN,92.11,KABUPATEN MANOKWARI SELATAN
91,PAPUA BARAT,92,PAPUA BARAT,9112,PEGUNUNGAN ARFAK,92.12,KABUPATEN PEGUNUNGAN ARFAK
96,PAPUA TENGAH,94,PAPUA TENGAH,9601,MIMIKA,94.04,KABUPATEN MIMIKA
96,PAPUA TENGAH,94,PAPUA TENGAH,9602,DOGIYAI,94.06,KABUPATEN DOGIYAI
96,PAPUA TENGAH,94,PAPUA TENGAH,9603,DEIYAI,94.08,KABUPATEN DEIYAI
96,PAPUA TENGAH,94,PAPUA TENGAH,9604,NABIRE,94.01,KABUPATEN NABIRE
96,PAPUA TENGAH,94,PAPUA TENGAH,9605,PANIAI,94.03,KABUPATEN PANIAI
96,PAPUA TENGAH,94,PAPUA TENGAH,9606,INTAN JAYA,94.07,KABUPATEN INTAN JAYA
96,PAPUA TENGAH,94,PAPUA TENGAH,9607,PUNCAK,94.05,KABUPATEN PUNCAK
96,PAPUA TENGAH,94,PAPUA TENGAH,9608,PUNCAK JAYA,94.02,KABUPATEN PUNCAK JAYA
97,PAPUA PEGUNUNGAN,95,PAPUA PEGUNUNGAN,9701,NDUGA,95.08,KABUPATEN NDUGA
97,PAPUA PEGUNUNGAN,95,PAPUA PEGUNUNGAN,9702,JAYAWIJAYA,95.01,KABUPATEN JAYAWIJAYA
97,PAPUA PEGUNUNGAN,95,PAPUA PEGUNUNGAN,9703,LANNY JAYA,95.07,KABUPATEN LANNY JAYA
97,PAPUA PEGUNUNGAN,95,PAPUA PEGUNUNGAN,9704,TOLIKARA,95.04,KABUPATEN TOLIKARA
97,PAPUA PEGUNUNGAN,95,PAPUA PEGUNUNGAN,9705,MAMBERAMO TENGAH,95.05,KABUPATEN MAMBERAMO TENGAH
97,PAPUA PEGUNUNGAN,95,PAPUA PEGUNUNGAN,9706,YALIMO,95.06,KABUPATEN YALIMO
97,PAPUA PEGUNUNGAN,95,PAPUA PEGUNUNGAN,9707,YAHUKIMO,95.03,KABUPATEN YAHUKIMO
97,PAPUA PEGUNUNGAN,95,PAPUA PEGUNUNGAN,9708,PEGUNUNGAN BINTANG,95.02,KAB PEGUNUNGAN BINTANG
